{
  "Name": "Selector Spring Reverb",
  "Version": "0.0.1",
  "Factory Info": {
    "Vendor": "JENNNYRAVE",
    "URL": "",
    "E-Mail": "",
    "Flags": {
      "Unicode": true,
      "Classes Discardable": false,
      "Component Non Discardable": false,
    },
  },
  "Classes": [
    {
      "CID": "ABCDEF019182FAEB4A52657653656C53",
      "Category": "Audio Module Class",
      "Name": "Selector Spring Reverb",
      "Vendor": "JENNNYRAVE",
      "Version": "0.0.1",
      "SDKVersion": "VST 3.8.0",
      "Sub Categories": [
        "Fx",
      ],
      "Class Flags": 0,
      "Cardinality": 2147483647,
      "Snapshots": [
      ],
    },
    {
      "CID": "ABCDEF011234ABCD4A52657653656C53",
      "Category": "Component Controller Class",
      "Name": "Selector Spring Reverb",
      "Vendor": "JENNNYRAVE",
      "Version": "0.0.1",
      "SDKVersion": "VST 3.8.0",
      "Sub Categories": [
        "Fx",
      ],
      "Class Flags": 0,
      "Cardinality": 2147483647,
      "Snapshots": [
      ],
    },
  ],
}
